{"Nonfiction": 0.4839376757550658, "Self Help": 1.042602082993252, "Business": 1.1792427260046792, "Psychology": 0.9899718643876735, "Leadership": 1.5066016603910095, "Philosophy": 0.6203124172364783, "Inspirational": 1.4035313386781347, "Audiobook": 0.6948830623610974, "Economics": 1.2377563480984297, "Science": 1.2910018600516546, "Buisness": 1.8568496787251723, "Sequential Art": 1.164884575957812, "Fantasy": 0.5175970446924727, "Fiction": 0.19636366294020458, "Adventure": 0.8448565640659155, "Graphic Novels Comics": 1.530513817796421, "Humor": 1.0092770195830603, "Childrens": 0.7182312448256798, "Classics": 0.300064896418147, "Academic": 0.7762231918033666, "Historical": 0.7634279935629372, "Literature": 0.46520897523278454, "Romance": 0.8568496787251724, "Novels": 0.6704584630296792, "Young Adult": 0.6516453147770277, "Paranormal": 1.4766384370135663, "School Stories": 2.9537596917332287, "Writing": 1.3797284240055099, "Criticism": 2.0786984283415286, "Cultural": 0.668202382725455, "Art": 1.6984871866299227, "Horror": 1.1408463350903733, "Thriller": 1.039945839349512, "Mystery": 0.9737563201494824, "Suspense": 1.4159405966599548, "History": 0.7704898480504242, "War": 1.3739760951164186, "Biography": 1.1375183917414458, "Military": 2.213397002238985, "North American Hi...": 1.5735484500216228, "Adult": 0.9603234612356171, "Autobiography": 1.3202912361536423, "Food and Drink": 2.0786984283415286, "Womens Fiction": 1.6015771736218662, "Biography Memoir": 1.335711595021136, "Comics Manga": 2.9537596917332287, "Action": 1.7107216430469343, "Poetry": 1.0786984283415286, "Religion": 1.164884575957812, "Humanities": 2.1756084413495853, "European Literature": 0.8638545802938308, "Unfinished": 1.6213212318176233, "Gothic": 1.5645936073686963, "Short Stories": 1.1375183917414458, "Dark": 1.9760360864443811, "Contemporary": 0.9064848243490493, "Sociology": 1.2680179531309652, "Politics": 0.8911777075050656, "Social Science": 2.0786984283415286, "European History": 2.25478968739721, "Feminism": 1.7776684326775476, "LGBT": 1.9123670065750038, "Animals": 1.3974571909659415, "Adult Fiction": 1.4554491379436283, "Anarchism": 2.300547177957885, "New Adult": 2.024340766018936, "Drama": 1.087472352649034, "Kids": 1.4839376757550657, "World War II": 1.999517182293904, "Health": 1.4766384370135663, "Womens": 2.0786984283415286, "Love": 1.6527296960692477, "Roman": 1.6750060907803999, "Anthropology": 2.25478968739721, "Culture": 1.6113370109110225, "Science Fiction": 0.9995171822939038, "Games": 2.1756084413495853, "Spirituality": 1.25478968739721, "Family": 1.6527296960692477, "Nobel Prize": 2.1756084413495853, "Realistic Fiction": 1.175608441349585, "Disability": 2.7776684326775474, "Literary Fiction": 1.5826918294614924, "Reference": 1.4418763307543545, "Epic": 1.8930618513796171, "Plays": 1.4287148846963835, "Media Tie In": 1.5735484500216228, "Apocalyptic": 1.839816339426392, "Mental Health": 2.108661651718972, "Military History": 2.024340766018936, "Political Science": 2.7776684326775474, "Anthologies": 2.024340766018936, "Social Issues": 2.6527296960692475, "Productivity": 1.9123670065750038, "Asian Literature": 1.4989148317247185, "Pulp": 3.25478968739721, "Science Fiction Fantasy": 1.2294838221324398, "Law": 1.6315403969993094, "Comics": 1.8930618513796171, "Graphic Novels Manga": 2.9537596917332287, "Presidents": 2.300547177957885, "Language": 2.024340766018936, "Textbooks": 2.7776684326775474, "Social": 2.9537596917332287, "Relationships": 2.140846335090373, "Christian Fiction": 2.25478968739721, "Christian": 1.7362757475193225, "Travel": 1.8930618513796171, "Environment": 2.25478968739721, "Magical Realism": 1.874578445685604, "Book Club": 1.8234259232382226, "Tragedy": 2.024340766018936, "Novella": 1.8930618513796171, "Buddhism": 2.4766384370135666, "Music": 2.25478968739721, "Race": 2.140846335090373, "Shapeshifters": 2.351699700405266, "Folklore": 2.4766384370135666, "Superheroes": 2.213397002238985, "Space": 1.874578445685604, "Speculative Fiction": 2.1756084413495853, "Futuristic": 2.9537596917332287, "American": 2.9537596917332287, "Amish": 2.5558196830611912, "Polyamorous": 2.9537596917332287, "Erotica": 3.25478968739721, "The United States Of America": 2.300547177957885, "Education": 2.050669704741285, "Folk Tales": 2.9537596917332287, "Holiday": 2.1756084413495853, "Diary": 2.140846335090373, "GLBT": 2.300547177957885, "Crime": 2.6527296960692475, "Church": 3.25478968739721, "Biology": 2.409691647382953, "Pseudoscience": 2.9537596917332287, "Death": 2.7776684326775474, "Spy Thriller": 2.5558196830611912, "Christianity": 2.7776684326775474, "Prayer": 3.25478968739721, "Female Authors": 2.9537596917332287, "Pop Culture": 2.6527296960692475, "American History": 3.25478968739721, "Retellings": 2.351699700405266, "Fairy Tales": 2.7776684326775474, "Marriage": 2.5558196830611912, "International Rel...": 3.25478968739721, "Romantic": 2.108661651718972, "Currency": 2.300547177957885, "Communism": 2.6527296960692475, "Mythology": 2.108661651718972, "Southern Africa": 2.9537596917332287, "Artificial Intelligence": 3.25478968739721, "Aviation": 2.6527296960692475, "Russian History": 2.9537596917332287, "Sports": 2.351699700405266, "Medievalism": 2.5558196830611912, "Design": 2.6527296960692475, "Computer Science": 2.9537596917332287, "Modern": 3.25478968739721, "Fairies": 2.9537596917332287, "Dc Comics": 2.7776684326775474, "Couture": 3.25478968739721, "Medical": 2.6527296960692475, "Illness": 3.25478968739721, "Parenting": 3.25478968739721, "Northern Africa": 2.7776684326775474, "Finance": 2.409691647382953, "Sports and Games": 3.25478968739721, "Poetry Plays": 2.9537596917332287, "Occult": 2.5558196830611912, "Social Movements": 2.6527296960692475, "Marvel": 2.7776684326775474, "How To": 3.25478968739721, "Own": 2.9537596917332287, "Westerns": 3.25478968739721, "Hugo Awards": 3.25478968739721, "Nature": 2.7776684326775474, "True Story": 2.7776684326775474, "Gender": 2.9537596917332287, "Western Africa": 3.25478968739721, "American Revolution": 2.9537596917332287, "Number": 3.25478968739721, "Railways": 3.25478968739721, "Transport": 2.9537596917332287, "Mountaineering": 3.25478968739721, "Contemporary Romance": 3.25478968739721, "United States": 2.9537596917332287, "Medicine": 3.25478968739721, "Urban": 3.25478968739721, "New York": 3.25478968739721, "Africa": 3.25478968739721, "Lovecraftian": 3.25478968739721, "Labor": 3.25478968739721, "Teaching": 3.25478968739721, "Emergency Services": 3.25478968739721, "Esoterica": 3.25478968739721, "Archaeology": 3.25478968739721, "African Literature": 3.25478968739721, "Combat": 3.25478968739721}